{
  "loss": [
    0.0006790854968130589,
    0.0004192873020656407,
    0.0003877078415825963,
    0.0003658221976365894,
    0.0003519963356666267,
    0.0003406328323762864,
    0.00033728042035363615,
    0.0003327244776301086,
    0.0003295442438684404,
    0.0003249077999498695,
    0.0003224459942430258,
    0.0003221822844352573,
    0.00031939108157530427,
    0.00031802061130292714,
    0.0003165850357618183,
    0.0003161699278280139,
    0.0003152545541524887,
    0.00031381240114569664,
    0.0003132899582851678,
    0.0003129338729195297,
    0.000312866730382666,
    0.00031270895851776004,
    0.0003120879700873047,
    0.0003113561833743006,
    0.0003111266123596579
  ],
  "mae": [
    0.017511535435914993,
    0.015067818574607372,
    0.014691123738884926,
    0.014386526308953762,
    0.014158645644783974,
    0.01396522019058466,
    0.013893264345824718,
    0.013819461688399315,
    0.013744187541306019,
    0.013662442564964294,
    0.013613398186862469,
    0.013596952892839909,
    0.013550879433751106,
    0.013517430052161217,
    0.013489929959177971,
    0.013482264243066311,
    0.013459781184792519,
    0.013430237770080566,
    0.013425512239336967,
    0.013403591699898243,
    0.013408344238996506,
    0.013397857546806335,
    0.013388724066317081,
    0.013378807343542576,
    0.013375749811530113
  ],
  "val_loss": [
    0.00041789174429140985,
    0.000394746515667066,
    0.0003866892075166106,
    0.00038236301043070853,
    0.0003802138671744615,
    0.00037436909042298794,
    0.0003795953234657645,
    0.0003728042938746512,
    0.0003715393540915102,
    0.0003736145736183971,
    0.00037050730315968394,
    0.00037122060894034803,
    0.0003695269988384098,
    0.00036944326711818576,
    0.00037006527418270707,
    0.00036949943751096725,
    0.00036989201907999814,
    0.00036758588976226747,
    0.0003678355715237558,
    0.0003698586660902947,
    0.000369267218047753,
    0.0003691840684041381,
    0.0003689996665343642,
    0.0003700363158714026,
    0.0003686077252496034
  ],
  "val_mae": [
    0.01504894532263279,
    0.014890778809785843,
    0.01479159202426672,
    0.014678415842354298,
    0.014529201202094555,
    0.014496942982077599,
    0.014543320052325726,
    0.014490503817796707,
    0.014400779269635677,
    0.014464575797319412,
    0.014409634284675121,
    0.01441618800163269,
    0.01438706275075674,
    0.014420448802411556,
    0.01440880261361599,
    0.014388845302164555,
    0.014401417225599289,
    0.014385135844349861,
    0.014350065030157566,
    0.014417761005461216,
    0.014398479834198952,
    0.014386617578566074,
    0.01439368911087513,
    0.014409116469323635,
    0.014385644346475601
  ],
  "learning_rate": [
    0.0010000000474974513,
    0.0010000000474974513,
    0.0010000000474974513,
    0.0010000000474974513,
    0.0010000000474974513,
    0.0005000000237487257,
    0.0005000000237487257,
    0.0005000000237487257,
    0.0005000000237487257,
    0.0002500000118743628,
    0.0002500000118743628,
    0.0002500000118743628,
    0.0002500000118743628,
    0.0001250000059371814,
    0.0001250000059371814,
    0.0001250000059371814,
    0.0001250000059371814,
    6.25000029685907e-05,
    6.25000029685907e-05,
    6.25000029685907e-05,
    6.25000029685907e-05,
    3.125000148429535e-05,
    3.125000148429535e-05,
    3.125000148429535e-05,
    3.125000148429535e-05
  ]
}