{
  "LSTM": {
    "MSE": 0.00036758588976226747,
    "MAE": 0.014385136775672436
  },
  "LinearRegression": {
    "MSE": 0.00036834253114648163,
    "MAE": 0.014448783360421658
  },
  "FFNN": {
    "MSE": 0.00034723037970252335,
    "MAE": 0.014126807451248169
  },
  "ARMA": {
    "MSE": 0.0005027022124492825,
    "MAE": 0.01493366260800745
  }
}